1,"Robert Mckenzie",1
2,"Diane Torres",1
3,"Amy Haney",1
4,"Tammy Thompson",1
5,"Lisa Snyder",1
6,"Linda Gonzalez",1
7,"Mary Wiley",1
8,"Valerie Foley",1
9,"Mrs. Kimberly Higgins DVM",1
10,"Jennifer Vazquez",1
11,"Dustin Hahn",1
12,"Daniel Fleming",1
13,"Roy Wise",1
14,"Morgan Vasquez",1
15,"Jason Douglas",1
16,"Dawn Mccormick",1
17,"Mason Lynch",1
18,"Michael Garrison",1
19,"Bryan Benton",1
20,"Anne Russo",1
21,"Gwendolyn Mercer",1
22,"Justin Odonnell",1
23,"Jennifer Barnes",1
24,"Julia Burch",1
25,"Regina Ryan",1
26,"Sharon Perez",1
27,"Debbie Ramirez",1
28,"Krystal George MD",1
29,"Bill Christian",1
30,"Robert Marks",1
31,"Dawn Hodge",1
32,"Derek Warner",1
33,"Marie Wright",1
34,"Anthony Jones",1
35,"Kyle Richardson",1
36,"Nancy Curtis",1
37,"Linda Goodwin",1
38,"Robert Nelson",1
39,"Joshua Miller",1
40,"Mario Lynch",1
41,"Charles Wilson MD",1
42,"Allison Miller",1
43,"Amy Adams",1
44,"Anne Garcia",1
45,"Gregory Johnson",1
46,"Mary Lewis",1
47,"Clifford Mack",1
48,"Rachel Fischer",1
49,"Pamela Nelson",1
50,"Eric Myers",1
51,"Meredith Moore",1
52,"Cameron Wilson",1
53,"Alison Evans",1
54,"Joshua Mcbride",1
55,"John Bowman",1
56,"Miranda Schmidt",1
57,"Brooke Lewis",1
58,"Eric Moon",1
59,"Alexis Johnson",1
60,"Lisa Morris",1
61,"John Christian MD",1
62,"Penny Allison",1
63,"James Hall",1
64,"Shawn Smith",1
65,"Ronald Sanders",1
66,"Donald Lewis",1
67,"Edward Wilson",1
68,"Megan Wilson",1
69,"Jeffrey Neal",1
70,"Savannah Miller",1
71,"Paul Wright",1
72,"Jenny Ochoa",1
73,"Amy Perez",1
74,"Anthony Miller",1
75,"Peter Solis",1
76,"Tiffany Dixon",1
77,"Steven Simon",1
78,"Matthew Hall",1
79,"Julie Rose",1
80,"Jonathan Moody",1
81,"Andrew Peterson",1
82,"Jeanette Bullock",1
83,"Daniel Anderson",1
84,"Chelsea Ramsey",1
85,"Brian Little",1
86,"Ms. Cindy Kennedy",1
87,"Matthew Reed",1
88,"John Friedman",1
89,"Keith Watson",1
90,"Tyler Garcia",1
91,"Christopher Williams",1
92,"David Clark",1
93,"Richard Cox",1
94,"Christopher Johnson",1
95,"Sara Smith",1
96,"Melissa Ray",1
97,"Linda Martinez",1
98,"Megan Fox",1
99,"Emily Jacobs",1
100,"Melanie Ochoa",1
101,"Joseph White",1
102,"John Gray",1
103,"Michael Anderson",1
104,"Katelyn Vargas",1
105,"Sonia Diaz",1
106,"Sandra Brown",1
107,"Shannon Green",1
108,"Michael Herrera",1
109,"Susan Adams",1
110,"Angelica Gonzalez",1
111,"Richard Murphy",1
112,"Erica Chapman",1
113,"Taylor Frank",1
114,"Trevor Morris",1
115,"Ryan Perez DVM",1
116,"Gina Torres",1
117,"Anna Barrett",1
118,"Benjamin Brandt",1
119,"Melissa Smith",1
120,"Christopher Brown",1
121,"Mr. Aaron Duncan",1
122,"Heather Lynn",1
123,"Courtney Wilson",1
124,"Bryan Brown",1
125,"Marissa Gutierrez",1
126,"Jeff Peters",1
127,"Troy Williamson",1
128,"Michael Lucas",1
129,"Amanda Wood",1
130,"Leah Johnson",1
131,"Richard Patton DDS",1
132,"Miranda Brock",1
133,"Brandon Gonzalez",1
134,"Jordan Gomez",1
135,"Jenna Reynolds",1
136,"Dana Bishop",1
137,"Michelle Zavala",1
138,"Gregory Parker",1
139,"Danielle Patel",1
140,"Annette Spears",1
141,"Emma Gonzalez",1
142,"Ashley Diaz",1
143,"Jennifer Pierce",1
144,"Brenda Robertson",1
145,"Laura Gonzales",1
146,"Michael Thomas",1
147,"Margaret Wilson",1
148,"Johnny Hill",1
149,"Matthew Taylor",1
150,"Pamela Nelson",1
151,"Grace Marquez",1
152,"Sabrina Ortiz",1
153,"Eric Brown",1
154,"Phillip Martinez",1
155,"Colleen Romero",1
156,"Christina Haynes",1
157,"Phyllis Lopez",1
158,"Jo Wells",1
159,"Tiffany Pena MD",1
160,"April Martin",1
161,"Katie Trujillo",1
162,"Heather Coleman",1
163,"Amy Rivers",1
164,"Stephanie Maynard",1
165,"Jasmine Hansen",1
166,"Kimberly Greer",1
167,"Ann Williams MD",1
168,"Colleen Elliott",1
169,"Alicia Lopez",1
170,"Holly Miller",1
171,"Luke Brock",1
172,"David Medina",1
173,"Christina Patton",1
174,"Kim Bowman",1
175,"Christina Williams",1
176,"Timothy Merritt",1
177,"Frank Castro",1
178,"John Lee",1
179,"Alexander Gibson",1
180,"Wendy Howard",1
181,"Lisa Johnson",1
182,"Jose Hunter",1
183,"Maria Johnson",1
184,"Jason Pitts",1
185,"Steven Robertson",1
186,"Michael Adams",1
187,"Tanya Franco",1
188,"Kenneth Lewis",1
189,"Megan Sims",1
190,"Taylor Bender",1
191,"Bethany Huang",1
192,"Harold Olsen",1
193,"Brian Morris",1
194,"Matthew Lee",1
195,"Joshua Rodriguez",1
196,"Daniel Mcmillan",1
197,"Jerry Reid",1
198,"Joshua Knox",1
199,"Alicia Hayes",1
200,"Eric Barrera",1
201,"Dr. Donna Henry",1
202,"Regina Banks",1
203,"Dana Morris",1
204,"Johnny Oneill",1
205,"Benjamin Morrow",1
206,"Jesus Fisher",1
207,"Gabriel Garcia",1
208,"Tony Sanders",1
209,"Antonio Stevens",1
210,"Melanie Gardner",1
211,"Bethany Dyer",1
212,"Isaac Lee",1
213,"David Garcia",1
214,"Tracy Taylor MD",1
215,"Cynthia Banks",1
216,"Sherry Taylor",1
217,"Danny Brooks",1
218,"Robert Williams",1
219,"Ryan Acevedo",1
220,"Benjamin Reed MD",1
221,"Ashley Hopkins",1
222,"Stacy Johnston",1
223,"Ruben Baker",1
224,"Brittany Gonzalez",1
225,"Melanie Bradley",1
226,"Amy Burgess",1
227,"Bobby Miller",1
228,"Deborah Brown",1
229,"Corey Rivera",1
230,"Laura Lewis",1
231,"Mitchell Mann",1
232,"Matthew Walker",1
233,"Rhonda Castaneda",1
234,"Robert Gonzalez",1
235,"Nicholas Mendoza",1
236,"Tonya Hayes",1
237,"Robin Wright",1
238,"Laura Robinson",1
239,"Allison Baker",1
240,"Ricardo Roberts",1
241,"Thomas Steele",1
242,"Julia Myers",1
243,"Troy Callahan",1
244,"Brianna Miller",1
245,"Jonathan Gonzales",1
246,"Jason Griffin",1
247,"Erica Holland",1
248,"Kevin Solis",1
249,"Craig Reynolds",1
250,"Stephanie Gonzales",1
251,"Michael Simpson",1
252,"Christian Rodriguez",1
253,"Jeremy Parker",1
254,"Amy Holland",1
255,"Luke Miller",1
256,"Nichole Bennett",1
257,"Kathleen Thompson",1
258,"Deanna Miller",1
259,"Cheryl George",1
260,"Brooke Morris",1
261,"Lisa Lee",1
262,"Margaret Williams",1
263,"Nicholas Walton",1
264,"Dustin Mendez",1
265,"Jennifer Webster",1
266,"Kevin Maxwell",1
267,"Kyle Lucas",1
268,"Brett Skinner",1
269,"William Jackson",1
270,"Veronica Medina",1
271,"Cathy Calderon",1
272,"Sharon Vance",1
273,"Garrett Gregory",1
274,"Thomas Morales",1
275,"Robert Johnson",1
276,"Catherine Wilkinson",1
277,"Samantha Johnson DVM",1
278,"Amber Orr",1
279,"Phillip Anderson",1
280,"Dawn Lewis",1
281,"Dana Mack",1
282,"Jennifer Ibarra",1
283,"Mary Klein",1
284,"James Patton",1
285,"James Mills",1
286,"Rebecca Galloway",1
287,"Christopher Willis",1
288,"Bryan Bates",1
289,"Brian Mendez",1
290,"Kelly Ball",1
291,"Dana Golden",1
292,"Rachel Washington",1
293,"Casey Hill",1
294,"Sarah Gray",1
295,"Jasmine Trujillo",1
296,"Thomas Ellis",1
297,"Michelle Lynn",1
298,"Brittany Le",1
299,"Matthew Ruiz",1
300,"Mitchell Gutierrez",1
301,"Chloe Lopez",1
302,"Donald Matthews",1
303,"Cynthia Davis",1
304,"Debra Riggs",1
305,"Lisa Banks",1
306,"Karen Walton",1
307,"Patrick Herman",1
308,"Julie Gates",1
309,"Angela Salazar",1
310,"John Fox",1
311,"Paul Lee",1
312,"Michelle Nelson",1
313,"Helen Suarez",1
314,"Jennifer Russell",1
315,"Miss Dawn Gonzalez",1
316,"Cassandra Foster",1
317,"Timothy Bailey",1
318,"Kathleen Espinoza DVM",1
319,"Angela Hansen",1
320,"Rachel King",1
321,"Brian Roberts",1
322,"Vincent Smith",1
323,"Elizabeth Green",1
324,"Martha Reyes",1
325,"Rachael Payne",1
326,"Terry Bonilla",1
327,"Zachary Lee",1
328,"Brian Sullivan",1
329,"Gordon Wyatt",1
330,"Debra Whitney",1
331,"Mary Jackson",1
332,"Tracy Thomas",1
333,"Alexandra Kramer",1
334,"Hunter Roberts",1
335,"Brady Rodriguez MD",1
336,"Dillon Wolf",1
337,"Benjamin Holmes",1
338,"Troy Taylor",1
339,"Michelle Harrington",1
340,"Derrick Lee",1
341,"Brian Jackson",1
342,"Michael Johnson",1
343,"Mr. Michael Chase",1
344,"Brandon Lopez",1
345,"Jason Thomas",1
346,"Daniel Bennett",1
347,"Erica Bowers",1
348,"Jeff Reed",1
349,"Leah Flynn PhD",1
350,"Zachary Sanchez",1
351,"Rebecca Mckinney",1
352,"Christopher Wiley",1
353,"Ashley Nichols",1
354,"Nicole Mosley",1
355,"Regina Ortiz",1
356,"Edward Travis",1
357,"James Sanchez",1
358,"Edward Evans",1
359,"Benjamin Roberts",1
360,"Chelsea Ortiz",1
361,"Kerri Padilla",1
362,"Sarah Leblanc",1
363,"Nicole Larson",1
364,"Anna Carroll",1
365,"Derrick Briggs",1
366,"Alexander Ramsey",1
367,"Shannon Arnold",1
368,"Nancy Valentine",1
369,"Aaron Fernandez",1
370,"David Barker",1
371,"Anna Moore",1
372,"Marcus Gordon",1
373,"Troy Dorsey",1
374,"Christopher Wright",1
375,"William Anderson",1
376,"Megan Hunt",1
377,"Isaac Singh",1
378,"Diane Mccarty",1
379,"Matthew Rich",1
380,"James Carroll",1
381,"Travis Lloyd",1
382,"Maurice Parsons",1
383,"Rachel Knapp",1
384,"Daniel Krueger",1
385,"Ashley Guerrero",1
386,"Brianna Simon",1
387,"Autumn Macdonald",1
388,"Yvonne Guzman",1
389,"Billy Palmer",1
390,"Diane Ross",1
391,"James Banks",1
392,"Alexis Kennedy",1
393,"Danny Ryan",1
394,"Jennifer Singleton",1
395,"Bradley Fernandez",1
396,"Zachary Alvarez",1
397,"Catherine Scott",1
398,"Adriana Torres",1
399,"Robert Kennedy",1
400,"Rachel Snow",1
401,"Jason Lee",1
402,"Pamela Rice",1
403,"Derrick Miles",1
404,"Stephanie Delgado",1
405,"Carlos Smith",1
406,"Thomas Meadows",1
407,"Sandra Ritter",1
408,"Caroline Thomas",1
409,"Adam Bowman",1
410,"Brian Lewis",1
411,"Brenda Taylor",1
412,"Jack Garcia",1
413,"Richard Koch",1
414,"April Griffith",1
415,"Tiffany Parks",1
416,"Rebecca Thomas",1
417,"Taylor Christensen",1
418,"Kevin Allen",1
419,"George Lopez",1
420,"Katie Watson",1
421,"Lisa Stewart",1
422,"John Ball",1
423,"Michael Castaneda",1
424,"Anthony Morales",1
425,"John Lewis",1
426,"Wayne White",1
427,"Jennifer Rodriguez",1
428,"Adam Jackson",1
429,"Crystal Kidd",1
430,"Adam Acevedo",1
431,"Zachary Mcpherson",1
432,"Richard Conner",1
433,"Christopher Willis",1
434,"Rodney Collins",1
435,"Marie Hayes",1
436,"Erika Garcia",1
437,"Deborah Hanson",1
438,"Jessica Osborn",1
439,"Melanie Brooks",1
440,"Amanda Lopez",1
441,"Kaitlin James",1
442,"Amber Hernandez",1
443,"Michael Rojas",1
444,"Jon Walker",1
445,"Bonnie Parker",1
446,"Micheal Mccoy",1
447,"Nicole Buck",1
448,"Kathleen Rivers",1
449,"Gabriel Martinez",1
450,"Erin Buchanan",1
451,"Michael Edwards",1
452,"Timothy Edwards",1
453,"Gary Bass",1
454,"Sabrina Benitez",1
455,"Carla Hughes",1
456,"Wayne Martin",1
457,"Brittany Giles",1
458,"Ian Wilson",1
459,"Jerry Baldwin",1
460,"Mrs. Nicole Allen",1
461,"Robin Martinez",1
462,"Marvin Doyle",1
463,"Kenneth Lewis",1
464,"Melissa King",1
465,"Mrs. Angela Miller",1
466,"Robert Thomas",1
467,"Megan Martinez",1
468,"Charles Miller",1
469,"Thomas Barnes",1
470,"Erica Jefferson",1
471,"Christopher English",1
472,"Steven Wise",1
473,"Jeffrey Davis",1
474,"Kimberly Dorsey",1
475,"Kim Cook",1
476,"Michael Willis",1
477,"Pamela Hunt",1
478,"Todd Spencer",1
479,"Lisa Baker",1
480,"Jennifer Tucker",1
481,"Christopher Ashley",1
482,"Brandy Bennett",1
483,"Johnathan Hill",1
484,"Michele Lawson",1
485,"David Barr",1
486,"Jennifer Williams",1
487,"Brian Walls",1
488,"Timothy Santana",1
489,"Douglas Roberts",1
490,"Joseph Davis",1
491,"Tina Casey",1
492,"Audrey Campbell",1
493,"Amy Castaneda",1
494,"Juan Carter",1
495,"Leslie Sharp",1
496,"Kristine Harrington",1
497,"Jordan Rodriguez",1
498,"Brianna Mccullough DVM",1
499,"Cynthia Hayes",1
500,"Rhonda Johnson",1
501,"Gina Williams",1
502,"Theresa Daniels",1
503,"Jason Jones",1
504,"Kelly Beltran",1
505,"Nicole Nelson",1
506,"Brittany Johnson MD",1
507,"Sharon Mcguire",1
508,"Paul Martin",1
509,"Scott Matthews",1
510,"Gregory Carter",1
511,"Ashley Park",1
512,"Kevin Ramsey",1
513,"Jon Williams",1
514,"Ms. Anna Bennett",1
515,"Tanner Jacobs",1
516,"David Flores",1
517,"Christine Williams",1
518,"Joshua Burgess",1
519,"Ryan Paul",1
520,"Sean Herrera",1
521,"Courtney Reynolds",1
522,"Brittany Nichols",1
523,"Jeffrey Mcdaniel",1
524,"Paul Blackburn",1
525,"Frank Moreno",1
526,"Derrick Spencer",1
527,"Mark Brown",1
528,"Willie Watson",1
529,"Megan White",1
530,"Rebecca Hays",1
531,"Jose Tucker",1
532,"Sierra Price",1
533,"Linda Dunn",1
534,"Joshua Ward",1
535,"Brian Webster",1
536,"Joseph Armstrong",1
537,"Robert Harrison",1
538,"John Patterson",1
539,"Morgan Johnson",1
540,"James Conner",1
541,"Denise Evans",1
542,"Ryan Frederick",1
543,"Kathryn Hester",1
544,"Shannon Marshall",1
545,"Mark Reed",1
546,"Yolanda Macdonald",1
547,"Christopher Moore",1
548,"Fred Owens",1
549,"Michael Anderson",1
550,"Bonnie Coleman",1
551,"Peter Blackburn",1
552,"Kelly Jones",1
553,"Kaitlin Johnson",1
554,"Steven Green",1
555,"Michael Fox",1
556,"Kurt Wagner",1
557,"Rebecca Richard",1
558,"Ashley Martin",1
559,"Christy Howell",1
560,"Michael Williams",1
561,"James Johnson",1
562,"Michael Espinoza",1
563,"Anthony Ray",1
564,"Anthony Vaughan",1
565,"John Anderson",1
566,"Jamie Hardy",1
567,"Brittney Martin",1
568,"Stephen Hansen",1
569,"Amy Fernandez",1
570,"Beth Keller",1
571,"Walter Manning",1
572,"Robert Hammond",1
573,"Keith Washington Jr.",1
574,"Robin Castro",1
575,"Nicholas Underwood",1
576,"John Graves",1
577,"Tiffany Owens",1
578,"Jill Graham",1
579,"Brian Dawson",1
580,"Michael Wilkins",1
581,"Michael Hernandez",1
582,"Jonathan Martin",1
583,"Paula Cochran",1
584,"Jeffrey Hunter",1
585,"Nicholas Haas",1
586,"Tristan Weeks",1
587,"Troy Valenzuela",1
588,"Christopher Harrison",1
589,"Timothy Sanchez",1
590,"Amanda Murray",1
591,"Dr. Shirley Parker DVM",1
592,"Courtney Price",1
593,"Mr. Brian Roberts",1
594,"Zoe Heath",1
595,"Amanda Anderson",1
596,"Alexander White II",1
597,"Deanna Perry",1
598,"Lisa Walker",1
599,"Lauren Wise",1
600,"Judith Campbell",1
601,"Mrs. Whitney Spears",1
602,"Dr. Amber Daniels",1
603,"Jessica Ortega",1
604,"Richard Decker",1
605,"Sean Garcia",1
606,"Eddie Johnson",1
607,"Kelly Owen",1
608,"Patrick Mcdonald",1
609,"John Bennett",1
610,"Jacob Wilson Jr.",1
611,"Christopher Thomas",1
612,"Brandon Brown",1
613,"Peter Padilla",1
614,"Amber Phelps",1
615,"Jennifer Knight",1
616,"Robert Gillespie",1
617,"Laura Donovan",1
618,"Brian Young",1
619,"Christopher Adams",1
620,"David Andrews",1
621,"Mark Haynes",1
622,"Miss Elizabeth Hill",1
623,"Diana Joyce",1
624,"Kenneth Thompson",1
625,"Carla Pugh",1
626,"Lauren Brown",1
627,"Angela Benitez",1
628,"Miss Amanda Fitzpatrick",1
629,"Kelly Blanchard",1
630,"Joshua Larson",1
631,"Jessica Banks",1
632,"Dr. Gregory Hull Jr.",1
633,"Michele Byrd",1
634,"Laura Lynch",1
635,"Debbie Wright",1
636,"Juan Rivera",1
637,"Cynthia Stephens",1
638,"Dustin Matthews",1
639,"Dana Ortiz",1
640,"Michael Bradford",1
641,"Frederick Wong",1
642,"Kevin Rodriguez",1
643,"Theresa Byrd",1
644,"Robert Ray",1
645,"Jessica Johnson",1
646,"Anita Mitchell",1
647,"Steven Johnson",1
648,"Adrienne Roth",1
649,"Mrs. Melanie Kelly",1
650,"Cheryl Craig",1
651,"Hansen, Garcia and Hill",2
652,"Anderson PLC",2
653,"Osborn-Allen",2
654,"Williams-Davis",2
655,"Bell, Mccarthy and Baker",2
656,"Yates-Sanchez",2
657,"Liu-Mitchell",2
658,"Ramirez and Sons",2
659,"Dorsey, Oliver and Roberson",2
660,"Wise PLC",2
661,"Williams PLC",2
662,"Hodges-White",2
663,"Ramirez-Lopez",2
664,"Schmidt Group",2
665,"Gonzalez, Garcia and Smith",2
666,"Garcia-Duncan",2
667,"Scott, Martin and Liu",2
668,"Foster PLC",2
669,"Byrd-Miller",2
670,"Lee, Shaw and Murphy",2
671,"Davis-Reid",2
672,"Krueger LLC",2
673,"Lin Group",2
674,"Meyer PLC",2
675,"Rodriguez, Wu and Rodriguez",2
676,"Craig-Barnett",2
677,"Greer, Ellis and Johnson",2
678,"Vazquez Ltd",2
679,"Riddle-Esparza",2
680,"Merritt-Riley",2
681,"Leonard Inc",2
682,"Rogers-Turner",2
683,"Brown LLC",2
684,"Walker LLC",2
685,"Briggs PLC",2
686,"Perry Inc",2
687,"Gonzalez, Love and Hickman",2
688,"Wood-Richards",2
689,"Hawkins Group",2
690,"Boyd-Nelson",2
691,"Lee Ltd",2
692,"Moore-Riggs",2
693,"Watson LLC",2
694,"Snyder, Evans and Hurley",2
695,"Howard, Ramirez and Acevedo",2
696,"Griffin-Williams",2
697,"House-Leon",2
698,"Smith Inc",2
699,"Lin-Ross",2
700,"Green-Anderson",2
701,"Robinson Inc",2
702,"Smith, Hart and Marshall",2
703,"Fischer, Robertson and Jackson",2
704,"Fernandez and Sons",2
705,"Bauer, Young and Foster",2
706,"Davis-Brooks",2
707,"Perez, Smith and Adkins",2
708,"Allen-Cherry",2
709,"Daniels, King and Horne",2
710,"Rivera Group",2
711,"Roberts, Valdez and Johnson",2
712,"Garza, Johnson and Ware",2
713,"Lopez-Phillips",2
714,"Higgins-Christensen",2
715,"Allen, Watkins and Jackson",2
716,"Reynolds PLC",2
717,"Combs PLC",2
718,"Mcknight-Mitchell",2
719,"Young, Payne and Flores",2
720,"Mccoy Ltd",2
721,"Kelly, Jenkins and Pearson",2
722,"Griffin Group",2
723,"Patel-Mann",2
724,"Carlson, Meadows and Stanley",2
725,"Clements, Burton and Odonnell",2
726,"Jones PLC",2
727,"Martin PLC",2
728,"Ray PLC",2
729,"Adkins PLC",2
730,"Smith Group",2
731,"Lopez PLC",2
732,"Manning Group",2
733,"Mercer-Smith",2
734,"Harrison-Cruz",2
735,"Garza LLC",2
736,"Diaz, King and Cox",2
737,"Campbell, Johns and Jones",2
738,"Collins, Barker and Anderson",2
739,"Moore-Martin",2
740,"Dunlap-Morse",2
741,"Garcia LLC",2
742,"Reynolds-Blake",2
743,"Elliott, Christensen and Perez",2
744,"Nguyen-Noble",2
745,"Watts, Mathis and Rich",2
746,"Gonzales-Norris",2
747,"Brown Ltd",2
748,"Martin, Lee and Lynn",2
749,"Montgomery, Lambert and Robinson",2
750,"Sexton and Sons",2
751,"Sanders Group",2
752,"Jackson-Perez",2
753,"Fowler LLC",2
754,"Campbell-Potter",2
755,"Wheeler Group",2
756,"Landry and Sons",2
757,"Garcia Inc",2
758,"Vazquez-Sanders",2
759,"Schmidt-Brown",2
760,"Banks and Sons",2
761,"Malone-Ferguson",2
762,"Jones and Sons",2
763,"Parks-Smith",2
764,"Mendez Inc",2
765,"Wood Ltd",2
766,"Hampton-Garcia",2
767,"Osborn-Wright",2
768,"Harper LLC",2
769,"Huber-Garner",2
770,"Clay Inc",2
771,"Johnson, Copeland and Martin",2
772,"White Ltd",2
773,"Lopez, Ortiz and Hamilton",2
774,"Rhodes Ltd",2
775,"Mitchell, Hernandez and Maxwell",2
776,"Park, Wilkinson and Torres",2
777,"Sutton-Martin",2
778,"Roberts Inc",2
779,"Cabrera-Jones",2
780,"Allen-Murray",2
781,"Martinez-Lopez",2
782,"Gray, Oneill and Williamson",2
783,"Taylor, Berry and Whitaker",2
784,"Sanchez-Larson",2
785,"Sanders Inc",2
786,"Booker, Moyer and Jenkins",2
787,"Woods Ltd",2
788,"Davis-Coleman",2
789,"Walters PLC",2
790,"Patel-Arnold",2
791,"Carlson Group",2
792,"Smith-Mcgrath",2
793,"Garcia and Sons",2
794,"Johnson, Shaffer and Pierce",2
795,"Wood, Ingram and Wong",2
796,"Horton, Smith and Romero",2
797,"Madden-Mercer",2
798,"Davenport-Velasquez",2
799,"Weaver-Vega",2
800,"Hall-Rojas",2
801,"Norton, Powell and Kirby",2
802,"Hamilton-Dennis",2
803,"Bowers-Irwin",2
804,"Walton Ltd",2
805,"Daniel, Norman and Armstrong",2
806,"Hayes-Stewart",2
807,"Willis, Ramirez and Ford",2
808,"Duncan, Thompson and Watkins",2
809,"Davis, Davis and Clark",2
810,"Murphy PLC",2
811,"Contreras-King",2
812,"Johnson-Martin",2
813,"Wolfe, Jenkins and Carr",2
814,"Colon and Sons",2
815,"Colon, Adams and Greer",2
816,"Smith-Lopez",2
817,"Collins, Brown and Floyd",2
818,"Schmidt, Daniels and Kelly",2
819,"Vance, Bell and Kirk",2
820,"Garza Ltd",2
821,"Lopez-Sosa",2
822,"Simpson, Hayes and Robbins",2
823,"Hutchinson-Dean",2
824,"Boyer PLC",2
825,"Cunningham, Long and Randall",2
826,"Hart, Thompson and Miles",2
827,"Price Ltd",2
828,"Gardner, Allen and Williams",2
829,"Harrison, Johnson and Ramsey",2
830,"Hall-Smith",2
831,"Lee, White and Brown",2
832,"Peterson, Grant and Wolf",2
833,"Jones-Lopez",2
834,"Hall-Walker",2
835,"Mills Ltd",2
836,"Walker Ltd",2
837,"Thompson Inc",2
838,"Smith PLC",2
839,"Holmes Inc",2
840,"Hutchinson, Green and Adams",2
841,"Howell, Kline and Walsh",2
842,"Wallace, Carey and Rodriguez",2
843,"Burke-Wilson",2
844,"Leon-Nelson",2
845,"Collins-Fritz",2
846,"Landry-Atkinson",2
847,"Atkinson, Bailey and Dean",2
848,"Obrien-Carpenter",2
849,"Snyder, Sutton and Cooper",2
850,"Barrett Group",2
851,"Miller-Valdez",2
852,"Newton, Russell and Jennings",2
853,"Moyer-Dean",2
854,"Hatfield Ltd",2
855,"Stephenson-Jones",2
856,"Armstrong Ltd",2
857,"Hunter-Vega",2
858,"Perkins, Navarro and Moss",2
859,"Dawson and Sons",2
860,"Olson Group",2
861,"Russell and Sons",2
862,"Lara-Gould",2
863,"Harrell, Miller and Garcia",2
864,"Hernandez-Willis",2
865,"Phillips-Mcdonald",2
866,"Kline, Gibson and Martinez",2
867,"Hanson, Smith and Price",2
868,"Ortiz-Sandoval",2
869,"Clayton Ltd",2
870,"Hopkins-Smith",2
871,"Gross-Roberts",2
872,"Guzman and Sons",2
873,"Brooks, Jacobs and Weeks",2
874,"Decker-Williams",2
875,"Rodriguez, Kerr and Bean",2
876,"Rodriguez and Sons",2
877,"Stephens PLC",2
878,"Alvarez, Nelson and Beck",2
879,"Warner, Wagner and Gonzales",2
880,"Moore Inc",2
881,"Mason-Greene",2
882,"Rivera Ltd",2
883,"Lane, Allen and Lane",2
884,"Ferguson-Weber",2
885,"Fox-Jones",2
886,"Short, Warren and Sanchez",2
887,"Castillo Inc",2
888,"Harrell and Sons",2
889,"Mccall, Thompson and Wells",2
890,"King, Miller and Walter",2
891,"Singleton-Adkins",2
892,"Avery, Delacruz and Atkinson",2
893,"Carlson, Anderson and Hernandez",2
894,"Garza, Jones and Weber",2
895,"Turner, Lopez and Simmons",2
896,"Reyes-Wood",2
897,"Rodriguez and Sons",2
898,"Cummings-Young",2
899,"Lopez, Singleton and Anderson",2
900,"Torres Group",2
901,"Morris-Hood",2
902,"Frank, Diaz and Daniels",2
903,"Jensen-Taylor",2
904,"Torres and Sons",2
905,"Charles, Banks and Vargas",2
906,"Rose, Gonzales and Hayden",2
907,"Smith-Ray",2
908,"Lewis Ltd",2
909,"Young-Andrade",2
910,"Young-Guzman",2
911,"Guzman, Watts and Weeks",2
912,"Fisher-Crawford",2
913,"Baxter, Hendrix and Patterson",2
914,"Wyatt Inc",2
915,"Torres-Hill",2
916,"Warren-Gilbert",2
917,"Johnson LLC",2
918,"Richard PLC",2
919,"Cohen-Ross",2
920,"Burns-Ramirez",2
921,"Jimenez, Russell and Montoya",2
922,"Henderson-Wilson",2
923,"Johnson, Allen and Rivera",2
924,"Le and Sons",2
925,"Morgan Ltd",2
926,"Graves, Phelps and Jones",2
927,"Brown-Molina",2
928,"Curry, Harris and Lee",2
929,"Wilson, Wong and Hill",2
930,"Lambert, Schultz and Salinas",2
931,"Brandt Group",2
932,"Townsend PLC",2
933,"Randolph-Anderson",2
934,"Brandt LLC",2
935,"Steele-Berry",2
936,"Turner, Nielsen and Weber",2
937,"Calderon PLC",2
938,"Hernandez-Baker",2
939,"Flores, Griffith and Wolf",2
940,"Walker-Gonzales",2
941,"Ward-Kelly",2
942,"Baker-Wood",2
943,"Johnson-Franco",2
944,"Smith-Frank",2
945,"Duarte-Freeman",2
946,"Curry and Sons",2
947,"Hill, Nelson and Mckinney",2
948,"Gonzales-Cardenas",2
949,"Griffith PLC",2
950,"Thomas, James and Nelson",2
951,"Terrell-Brown",2
952,"Howard Group",2
953,"Solis-Perez",2
954,"Baker-Ramirez",2
955,"Holland Inc",2
956,"Warren, French and Martin",2
957,"White, James and Johnston",2
958,"Harrison, Kelly and Howard",2
959,"Foster PLC",2
960,"Thomas-Kelly",2
961,"Alvarez-Lee",2
962,"Carr LLC",2
963,"Paul PLC",2
964,"Taylor, Robertson and Scott",2
965,"Johnson-Collins",2
966,"Mayer, Hicks and White",2
967,"Smith-Garcia",2
968,"Lozano, Peck and Ferguson",2
969,"Pena-White",2
970,"Miranda PLC",2
971,"Stephens-Hamilton",2
972,"Meyer Inc",2
973,"Hudson and Sons",2
974,"Brennan Inc",2
975,"Sellers and Sons",2
976,"Cook PLC",2
977,"Johnson, Vasquez and Johnson",2
978,"Wong, Kennedy and Sanchez",2
979,"Coleman PLC",2
980,"Warner, Price and Lester",2
981,"Morales Ltd",2
982,"Martinez-Yoder",2
983,"Lopez-Mann",2
984,"Munoz-Castro",2
985,"Smith-Gonzalez",2
986,"Davis, Olson and Carlson",2
987,"Black Ltd",2
988,"Wood, Burton and Smith",2
989,"Murray Inc",2
990,"Mills, Schultz and Rivas",2
991,"Anderson, Washington and Martinez",2
992,"West, Hughes and Bell",2
993,"Guerrero Ltd",2
994,"King, Miller and Jensen",2
995,"Rogers, Johnson and Miller",2
996,"Sexton and Sons",2
997,"Frey Group",2
998,"Love Inc",2
999,"Fields, Holmes and Sanchez",2
1000,"King, Thomas and Cruz",2
