0,"Vanessa Thompson",1
1,"Ashlee Gonzalez",1
2,"Jordan Russell",1
3,"Joseph Griffin",1
4,"Matthew Lam",1
5,"Traci Riley",1
6,"Elizabeth Simmons",1
7,"Brett Hardy",1
8,"Daniel Willis",1
9,"Catherine Knapp",1
10,"George Kramer",1
11,"Michael Stewart",1
12,"Cristina Coleman",1
13,"Anthony Finley",1
14,"Kathryn Velasquez",1
15,"Anthony Hill",1
16,"Jorge Gates",1
17,"Patricia Clark",1
18,"Maria Williams MD",1
19,"Gregory Cross",1
20,"Ryan Richards",1
21,"Amber Shaw",1
22,"Jessica Stephens",1
23,"Robert Harris",1
24,"Emily Martin",1
25,"Nathan Sheppard",1
26,"Donna Rosales",1
27,"Christina Webb",1
28,"Laura Ward",1
29,"Jesse Martinez",1
30,"Kelly Reynolds",1
31,"Greg Robbins",1
32,"Frank Gonzalez",1
33,"Catherine Parker",1
34,"Donald Walker",1
35,"Whitney Hansen",1
36,"Jason Harris",1
37,"Nathan Green",1
38,"David Brooks",1
39,"Jennifer Rivera",1
40,"Nicholas Hicks",1
41,"Robert Aguilar",1
42,"Christopher Villarreal",1
43,"William Wagner",1
44,"Joseph Bennett",1
45,"Anne Conner",1
46,"Regina Cobb",1
47,"Brandon Blevins",1
48,"Richard Jimenez DDS",1
49,"Jonathan Welch",1
50,"Charlene Boyer",1
51,"Jacob Figueroa",1
52,"Jason Rice",1
53,"Laura Mitchell",1
54,"Kimberly Brock",1
55,"Mr. Juan Hawkins",1
56,"Linda Powell",1
57,"Steve Martin",1
58,"Amber Williams",1
59,"Sandra Garcia",1
60,"Rodney Cunningham",1
61,"Sara Brown",1
62,"Kristen Richardson",1
63,"Amanda Patterson",1
64,"Mr. Tyler Gould",1
65,"Ruth Hooper",1
66,"Dr. Amanda Ewing",1
67,"Mary Blair",1
68,"Casey Morales",1
69,"Vanessa Roach",1
70,"Joshua Mooney",1
71,"Cindy Adkins",1
72,"Daniel Cline DDS",1
73,"Andrew Branch",1
74,"Caleb Christensen",1
75,"Jill Dickson",1
76,"Jason Martinez",1
77,"Mr. Bruce Munoz",1
78,"Mr. Miguel Banks",1
79,"Michael Lopez DDS",1
80,"Carmen Nielsen",1
81,"Sean Reyes",1
82,"Michael Fisher",1
83,"Eric Rodriguez",1
84,"Alexis Love",1
85,"Dennis Henry",1
86,"Timothy Miller",1
87,"Patricia Stevens",1
88,"Nathan Garner",1
89,"Christopher Smith",1
90,"Tammy Gilbert",1
91,"Juan Reed",1
92,"Miguel Smith",1
93,"Catherine Patel",1
94,"Phillip Moran",1
95,"Scott Smith",1
96,"Lance Jackson",1
97,"James Alvarez",1
98,"Deborah Riddle",1
99,"Kimberly Brown",1
100,"Michael Valdez",1
101,"Whitney Strickland",1
102,"Megan Griffin",1
103,"Jesse Nichols",1
104,"Robert Evans",1
105,"Teresa Phelps",1
106,"Adam Diaz",1
107,"Gregory Palmer",1
108,"Leonard Miller",1
109,"Christopher Moore",1
110,"Michael Leach",1
111,"Tracy Winters",1
112,"Erin Brooks",1
113,"Philip Stokes",1
114,"Donald Fox",1
115,"Timothy Allen",1
116,"Maria Arnold",1
117,"Michael Kaiser",1
118,"James Washington",1
119,"Laura Sanders",1
120,"Jill Lyons",1
121,"Kristina Alvarez",1
122,"Whitney Zavala",1
123,"Craig Green",1
124,"Robin Vaughan",1
125,"Pedro Smith",1
126,"Kimberly Dixon",1
127,"Paige Berg",1
128,"James Chen",1
129,"Amy Campbell",1
130,"Jon Murillo",1
131,"Maria Brown",1
132,"Carrie Velazquez",1
133,"Cynthia Jenkins",1
134,"Vanessa Mosley",1
135,"Michael Cooper",1
136,"Luke Neal",1
137,"Latasha Brown",1
138,"Jamie Dunn",1
139,"Janice Johnson",1
140,"Jay Marshall",1
141,"Kevin Anderson",1
142,"Alexa Hayes",1
143,"Timothy Villegas",1
144,"Tanya Cummings",1
145,"Leslie Wells",1
146,"Christopher Rice",1
147,"Shawn Reyes",1
148,"Mike Foster",1
149,"John Butler",1
150,"Evelyn Smith",1
151,"Jerry Rodriguez",1
152,"Stephanie Casey",1
153,"David Palmer",1
154,"Mary Carlson",1
155,"Frank Archer",1
156,"Brandon Morrison",1
157,"Brittany Shaw",1
158,"Pamela Stevens",1
159,"Jeremy Trujillo",1
160,"Charles Wilson",1
161,"Dustin Anderson",1
162,"John Greer",1
163,"Gerald Hernandez",1
164,"Marcus Baker",1
165,"Kimberly Baxter",1
166,"David Martinez",1
167,"Billy Smith",1
168,"John Russell",1
169,"Michael Valentine",1
170,"Lindsay Woods",1
171,"Robert Ward",1
172,"Jeffery Banks",1
173,"Karen Torres",1
174,"Jose Mathis",1
175,"Karen Ponce",1
176,"Brenda Green",1
177,"Courtney Franco",1
178,"Keith Morton",1
179,"Mrs. Jeanne Collins",1
180,"Alexander Massey",1
181,"Michelle Hill",1
182,"Shelly Ibarra",1
183,"Mary Jimenez",1
184,"Scott Berry",1
185,"Mark Mason",1
186,"Christina Brown",1
187,"Ryan Mclaughlin",1
188,"Julie Rodriguez",1
189,"Craig Lin",1
190,"Lori Lambert",1
191,"Lynn Peters",1
192,"Elizabeth Osborn",1
193,"Jeremy Moreno",1
194,"Anita Bailey",1
195,"William Boyer",1
196,"Donna Day",1
197,"Sarah Abbott",1
198,"John Sullivan",1
199,"Richard Perez",1
200,"Michael Porter",1
201,"Brittany Green",1
202,"Robert Sloan",1
203,"Kathleen Sanford",1
204,"Tiffany Williams",1
205,"Lisa Baker",1
206,"James Potts",1
207,"Brandon Roman",1
208,"Jimmy Reynolds",1
209,"Andrew Johnson",1
210,"Mark Norris",1
211,"Gary Morgan",1
212,"Dean Lowe",1
213,"Daniel Cain",1
214,"James Mahoney",1
215,"Joshua Mcdonald",1
216,"Elizabeth Carroll",1
217,"Robert Burns",1
218,"Rebecca Rich",1
219,"Zachary Henderson",1
220,"Tyler Hunter PhD",1
221,"Richard Cook",1
222,"Cindy Le",1
223,"Ana Walsh",1
224,"Laura Douglas",1
225,"Joseph Ochoa Jr.",1
226,"Gary Walker",1
227,"Jeffrey Diaz",1
228,"Kelly Campbell",1
229,"Alicia Daniel",1
230,"Amy Pierce",1
231,"Ashley Holmes",1
232,"Lauren Davis",1
233,"Ashley Wise",1
234,"Patricia Turner",1
235,"Ryan King",1
236,"James Burgess",1
237,"Richard Trujillo",1
238,"Scott Williams",1
239,"Rachael Foster",1
240,"Brent Rodriguez",1
241,"Brian Lynch",1
242,"Jared Berry",1
243,"Kimberly Silva",1
244,"Thomas Buckley",1
245,"Sandra Fletcher",1
246,"Tammy Wilson",1
247,"James Smith",1
248,"Matthew Watkins",1
249,"Theresa Lopez",1
250,"Robin Smith",1
251,"Jonathon Price",1
252,"Richard Bennett",1
253,"Jared Leonard",1
254,"Mark Lucas",1
255,"Scott Fowler",1
256,"Jason Castillo",1
257,"Tyler Davis",1
258,"Sara Serrano",1
259,"Rodney Pittman",1
260,"Jeffrey Thomas",1
261,"James Smith",1
262,"Kathryn Washington",1
263,"Grant Acosta",1
264,"Chad Davis",1
265,"Shawn Guzman",1
266,"William Pearson",1
267,"Adrienne Parker",1
268,"Joshua Herrera",1
269,"Monica Butler",1
270,"April Rowland",1
271,"Christopher Beasley",1
272,"Zachary Robinson",1
273,"Dan Anderson",1
274,"Henry Collins",1
275,"Sarah Spencer",1
276,"Travis Weaver",1
277,"Danielle Frazier",1
278,"Taylor Sandoval",1
279,"Joshua Gonzalez",1
280,"Brandon Dean",1
281,"Larry Herrera",1
282,"Ernest Middleton",1
283,"Dawn Welch",1
284,"William Elliott",1
285,"Jessica Edwards",1
286,"Michael Lewis",1
287,"Dave Huber",1
288,"Anthony Lin",1
289,"Joshua Green",1
290,"Jessica Hayes",1
291,"Rebecca Oneal",1
292,"Sherry Hudson",1
293,"Daniel Hernandez",1
294,"Elizabeth Harris",1
295,"Jacqueline Mccoy",1
296,"Kelly Turner",1
297,"Lisa Richardson",1
298,"Robert Moore",1
299,"Corey Montgomery",1
300,"Tabitha Sullivan",1
301,"Douglas Wall",1
302,"David Tanner",1
303,"Carol Houston",1
304,"Kayla Jones",1
305,"Mary Knox",1
306,"Pamela Turner",1
307,"Jerry Reid",1
308,"Ashley Smith",1
309,"Jennifer Fischer",1
310,"Brandi Rice",1
311,"Timothy Jackson",1
312,"Marc Moody",1
313,"John Roberson",1
314,"John Henderson",1
315,"Cathy Baldwin",1
316,"Regina Novak",1
317,"Clifford Lang",1
318,"Randy Beck Jr.",1
319,"Richard Knapp",1
320,"Debbie Long",1
321,"Richard Sanchez",1
322,"James Shaw",1
323,"Brian Jacobs",1
324,"Matthew Jones",1
325,"Brittany Taylor",1
326,"Jessica Becker",1
327,"Kyle White",1
328,"Vickie Morrow",1
329,"Timothy Lewis",1
330,"Dawn Edwards",1
331,"Melinda Johnson",1
332,"Jennifer Willis",1
333,"Laura Bradshaw",1
334,"Rebecca Moore",1
335,"Brad Dunlap",1
336,"Andrew Franco",1
337,"Cheryl Johnson",1
338,"Robert Santos",1
339,"John Sanders",1
340,"Sara Schmidt",1
341,"William Mckinney",1
342,"Patricia Hicks",1
343,"Holly Hernandez",1
344,"Dennis Thompson",1
345,"Mrs. Veronica Guzman",1
346,"Jody Fuentes",1
347,"Martin Greer",1
348,"Dawn Lopez",1
349,"Kelly Higgins",1
350,"Curtis Carr",1
351,"Kristy Park",1
352,"Michael Evans",1
353,"Dylan Bernard",1
354,"Misty Singh",1
355,"Stephen Mcdonald",1
356,"Kristin Parker",1
357,"Jessica Holland",1
358,"Heather Green",1
359,"Patrick Murphy",1
360,"Virginia Arnold",1
361,"Julie Stewart",1
362,"Carol Mcdowell",1
363,"Crystal Allen",1
364,"Kristin Weeks",1
365,"Sandra Mendoza MD",1
366,"Joel Booker",1
367,"Jean Lyons",1
368,"Samuel King",1
369,"Ashley Taylor",1
370,"Matthew Zamora",1
371,"Stuart Chen",1
372,"Sandra Joseph",1
373,"Diane Odom",1
374,"Adam Sanchez",1
375,"Jonathan Sanchez",1
376,"Erin Gilbert",1
377,"Lisa Evans",1
378,"Brandon Reese",1
379,"Heather Zuniga",1
380,"Christopher Williams",1
381,"Brent Flynn",1
382,"Hannah Hudson",1
383,"James Stevens",1
384,"Richard Robinson",1
385,"Jenna Cooper",1
386,"Karen Hernandez",1
387,"James Deleon",1
388,"Eric Graves",1
389,"Curtis Cobb",1
390,"Andrew Strickland",1
391,"Dr. John Barrett",1
392,"Taylor Brewer",1
393,"Dr. Briana Ortiz",1
394,"Mary Zimmerman",1
395,"Bob Moore",1
396,"Sara Robinson DDS",1
397,"Dorothy Henderson",1
398,"Kayla Torres",1
399,"Michelle King",1
400,"Dr. Tony Freeman Jr.",1
401,"Sara Manning",1
402,"Danielle Martinez",1
403,"Angela Buck",1
404,"Ashley Duncan",1
405,"Eduardo Dominguez",1
406,"Jay Perez",1
407,"Jean Mercer",1
408,"Nancy Warner",1
409,"Rebekah Jones",1
410,"Ronald Chapman",1
411,"Brian Henry",1
412,"John Barnett",1
413,"Richard Benitez",1
414,"Jessica Freeman",1
415,"Matthew Taylor",1
416,"Valerie Mitchell",1
417,"Mary Taylor",1
418,"Robert Barnes",1
419,"Melinda Davis",1
420,"John Ayala",1
421,"Bryan Leonard",1
422,"Christie Arias",1
423,"Bruce Wilkerson",1
424,"Christine Castillo",1
425,"Jessica Green",1
426,"Blake Johnson",1
427,"Keith Cooley",1
428,"Patricia Blackwell",1
429,"Allen Howell",1
430,"Herbert Henderson",1
431,"Joshua Carlson",1
432,"Robert Rice",1
433,"Nicole Marshall",1
434,"Rodney Orozco",1
435,"Meagan Davis",1
436,"Timothy King",1
437,"Jordan Gutierrez",1
438,"Mark Crawford",1
439,"Kimberly Walters",1
440,"Angela Mcdowell",1
441,"James Wise",1
442,"Joshua Cox",1
443,"Jessica Page",1
444,"Joshua Allen",1
445,"Deborah Reese",1
446,"Melissa Guzman",1
447,"Amy Mahoney",1
448,"Stephanie Robertson",1
449,"Tracey Ferguson",1
450,"Daniel Ramirez",1
451,"Caroline Lewis",1
452,"Jacob Perkins",1
453,"Tyler Garcia",1
454,"Elizabeth Jefferson",1
455,"Anthony Mcgrath",1
456,"Ms. Mackenzie Erickson DDS",1
457,"Christopher Fields",1
458,"Michaela Matthews",1
459,"Diana Snyder",1
460,"Emily Case PhD",1
461,"Christopher Mcneil",1
462,"Daniel Fisher",1
463,"Courtney Crane",1
464,"William Colon",1
465,"Stephanie Terrell",1
466,"Kristen Barry",1
467,"Lori Sanchez",1
468,"Evan Elliott",1
469,"Brian Nicholson",1
470,"Kristen Williams",1
471,"Katie Sutton",1
472,"Melanie Parks",1
473,"Justin Smith",1
474,"Cathy Mcdonald",1
475,"Lisa Walton",1
476,"Kimberly Lewis",1
477,"Mr. Timothy Fox",1
478,"Breanna Ryan",1
479,"Gregory Ross",1
480,"Casey Fletcher",1
481,"Allison Perkins",1
482,"Michelle Flowers",1
483,"Marissa Morrow",1
484,"Kayla Romero",1
485,"Sara Morse",1
486,"Margaret Dillon",1
487,"Erik Newman",1
488,"Mark Martinez",1
489,"Victoria Blackwell",1
490,"Madison Cooke",1
491,"Donna Rodriguez",1
492,"Angela Barnes",1
493,"Jessica Roberson",1
494,"Brittany Sanchez",1
495,"Amy Walsh",1
496,"Alex Meyer",1
497,"Jonathan Garrett",1
498,"David Goodwin",1
499,"Terry Hardy",1
500,"Ashley Miranda",1
501,"Carlos Combs",1
502,"Spencer Hoffman",1
503,"Kathryn Thomas",1
504,"James Oneal",1
505,"Gwendolyn Ortiz",1
506,"Michael Key",1
507,"Dr. Sonya Robbins MD",1
508,"Donna House",1
509,"Jonathan Vincent",1
510,"Heather Douglas",1
511,"Tiffany Sanders",1
512,"Annette Alexander",1
513,"Jennifer Vazquez",1
514,"Daniel Williams",1
515,"Terry Norris",1
516,"Latoya Johnson",1
517,"James Smith",1
518,"Joel Jordan",1
519,"Nicole Smith",1
520,"Kevin Ramos",1
521,"Mark Hill",1
522,"Nicholas Obrien",1
523,"Evan Villanueva",1
524,"Natalie Murray",1
525,"Jeremy Garcia",1
526,"Patricia Mejia",1
527,"April King",1
528,"Brianna Huang",1
529,"Cassandra Wilson",1
530,"Kenneth Ellis",1
531,"Ray Hall",1
532,"Benjamin Taylor MD",1
533,"Alexis Carson",1
534,"Rebecca Chapman",1
535,"John Page",1
536,"Rebecca Nichols",1
537,"Micheal Miranda",1
538,"Scott Hatfield",1
539,"Connie Orozco",1
540,"Christopher Fischer",1
541,"Calvin Baker",1
542,"Timothy Guerrero",1
543,"Manuel Ruiz",1
544,"Tiffany Golden",1
545,"Robert Wu",1
546,"Beth Ruiz",1
547,"Kathleen Evans",1
548,"Sheila Spencer",1
549,"Justin Murray",1
550,"Caitlin Sawyer",1
551,"Antonio Rodriguez",1
552,"Michelle Stephens",1
553,"William Russell",1
554,"Patrick Jordan",1
555,"Kimberly Howard",1
556,"Shane Carrillo",1
557,"Jason Shields",1
558,"Sean Anderson",1
559,"Vicki Sims",1
560,"Michael Mitchell",1
561,"Brian Carr",1
562,"Daniel Cabrera",1
563,"Samantha Webb",1
564,"Jonathan Johnson",1
565,"Sherri Johnson",1
566,"Randy Mitchell",1
567,"Meagan Gonzalez",1
568,"John Charles",1
569,"Brian Morrison",1
570,"Taylor Manning",1
571,"Omar Moreno",1
572,"Robert Sanders",1
573,"Dana Craig",1
574,"Luke Mccormick",1
575,"Melissa Ruiz",1
576,"Ebony Reeves",1
577,"Aaron Pittman DVM",1
578,"Tammy Simmons",1
579,"Jennifer Casey",1
580,"Troy Terry",1
581,"John Ramsey",1
582,"Dustin Yu",1
583,"Aaron Wells",1
584,"Marisa Blair",1
585,"Kimberly Mccoy",1
586,"Diane Roth",1
587,"Tonya Gardner",1
588,"Mary Hernandez",1
589,"James Short",1
590,"Eric Thompson",1
591,"Heather Washington",1
592,"Morgan Valdez",1
593,"Angela Osborn",1
594,"Timothy Mathis",1
595,"Gregory Hernandez",1
596,"Steven Palmer",1
597,"Danielle Aguirre",1
598,"Bradley Williams",1
599,"Luis Munoz",1
600,"Kathy Watkins",1
601,"Angela Hall",1
602,"Theresa White",1
603,"Amy Hicks",1
604,"Scott Lewis",1
605,"Andrew Taylor",1
606,"Kyle Price",1
607,"Joshua Blankenship",1
608,"Harry Bennett",1
609,"Stephanie Perry",1
610,"Jennifer Brady",1
611,"William Mccarty",1
612,"Dean Ellis",1
613,"Matthew Fowler",1
614,"Ryan Stewart",1
615,"Heather Olson",1
616,"Kelly Grant",1
617,"Patrick Harris",1
618,"Sean Ho",1
619,"Michael White",1
620,"Robert Matthews",1
621,"Audrey Kelley",1
622,"Matthew Jimenez",1
623,"Cameron Sanders",1
624,"Megan Figueroa",1
625,"Michael Evans",1
626,"Christopher Sawyer",1
627,"David Zimmerman",1
628,"Kelsey Mccann",1
629,"Carlos Walker",1
630,"Tyler Flores",1
631,"Travis Stokes",1
632,"Hayley Jones",1
633,"Elizabeth Jacobs",1
634,"Mary Wong",1
635,"Frank Baker",1
636,"Mary English",1
637,"Darlene Sanchez",1
638,"Danielle Johnson",1
639,"Donald Garcia",1
640,"Anna George",1
641,"Michelle Thompson",1
642,"Carl Smith",1
643,"Andrea Sanchez",1
644,"Patrick Dickerson",1
645,"David Young",1
646,"Paul Kent",1
647,"Matthew Howe",1
648,"Jeanette White",1
649,"Jorge Chan",1
0,"Banks Group",2
1,"Powell-Rivers",2
2,"Williams-Dean",2
3,"Silva Inc",2
4,"Miranda-Wells",2
5,"Gibbs-Zhang",2
6,"Pearson, Lowe and Taylor",2
7,"Baker Group",2
8,"Walton-Bauer",2
9,"Lopez, Callahan and Howard",2
10,"Ashley, Moreno and Garcia",2
11,"Jackson LLC",2
12,"Cook LLC",2
13,"Ellis, Kirk and Torres",2
14,"Williams-Cruz",2
15,"Wright, Watkins and Nelson",2
16,"Maxwell-Solomon",2
17,"Fox PLC",2
18,"Williams-Roberts",2
19,"Schmidt-Lucero",2
20,"Shepard Group",2
21,"Williams-Klein",2
22,"Mora, Burton and Wilkins",2
23,"Ball-Glass",2
24,"Hernandez-Hall",2
25,"Mcgee-Miller",2
26,"Smith Inc",2
27,"Burch Group",2
28,"Campbell-Lewis",2
29,"Romero-Hurst",2
30,"Mcgee, Olsen and Palmer",2
31,"Duran, Stephens and Ortiz",2
32,"Hood, Hendrix and Little",2
33,"Davis Group",2
34,"Williams PLC",2
35,"Vega, Wright and Martin",2
36,"Perez-Bruce",2
37,"Martinez-Sandoval",2
38,"Lane, Thompson and Russo",2
39,"Fitzpatrick, Mcconnell and Lee",2
40,"Wilcox-Simpson",2
41,"Strickland, Buck and Griffin",2
42,"Bryant-Rodriguez",2
43,"Williams-Williams",2
44,"Norris-Tanner",2
45,"Mcdaniel-Smith",2
46,"Campbell Ltd",2
47,"Castillo-James",2
48,"Hernandez, Alvarado and Rodriguez",2
49,"Smith, Smith and Wu",2
50,"Ross and Sons",2
51,"Johnson Inc",2
52,"Gray, Allen and Yang",2
53,"Rowe-Moore",2
54,"Brown Inc",2
55,"Hall Group",2
56,"Whitaker Ltd",2
57,"Ward, Miller and Clarke",2
58,"Nixon Ltd",2
59,"Henderson, Smith and Campbell",2
60,"Hayden, Woods and Everett",2
61,"Stewart Ltd",2
62,"Mccall-Nelson",2
63,"Craig Group",2
64,"Williams, Ponce and Mccoy",2
65,"Sandoval-Ramos",2
66,"Wagner-Anderson",2
67,"Meyer-Zimmerman",2
68,"West and Sons",2
69,"Durham Ltd",2
70,"Haas, Carson and Hampton",2
71,"Taylor, Reynolds and Holt",2
72,"Wright Inc",2
73,"Barton Group",2
74,"Valdez, Richards and Salinas",2
75,"Knight Group",2
76,"Baxter and Sons",2
77,"Mendoza Inc",2
78,"Willis-Alvarez",2
79,"Nelson-Miller",2
80,"Mitchell-Leonard",2
81,"Chavez, Mendez and Brown",2
82,"Bautista-Williams",2
83,"Rodriguez-Jenkins",2
84,"Jones and Sons",2
85,"Moore-Cooper",2
86,"Mcfarland PLC",2
87,"Morton, Kramer and Medina",2
88,"Torres-Griffith",2
89,"Schultz-Smith",2
90,"Harris-Simmons",2
91,"Reyes, Burton and Mcdonald",2
92,"Mendez Group",2
93,"Soto-Baxter",2
94,"Johnson-Knapp",2
95,"Thompson Inc",2
96,"Thomas Group",2
97,"Clements-Ross",2
98,"Levy, Baker and Steele",2
99,"Anderson-Lopez",2
100,"Ward PLC",2
101,"Vasquez-Tucker",2
102,"Campbell, Smith and Murphy",2
103,"Caldwell, Smith and Hernandez",2
104,"Williams, Keller and Mclean",2
105,"Gaines-Butler",2
106,"Pennington Group",2
107,"Gonzales, Carter and Livingston",2
108,"Carson-Chaney",2
109,"Hoffman Group",2
110,"Coleman, Turner and Rivera",2
111,"Sims, Hall and Wright",2
112,"Vincent, Jones and Ellison",2
113,"Gomez Inc",2
114,"Douglas, Rodriguez and Hernandez",2
115,"Kelley-Morton",2
116,"Velazquez Inc",2
117,"Conley PLC",2
118,"Barton, Cooper and Gordon",2
119,"Johnson, Williams and Gutierrez",2
120,"Hartman, Goodman and Young",2
121,"Schneider-Brown",2
122,"Brown, Ortiz and Clark",2
123,"Morrison, Hall and Diaz",2
124,"Rodriguez, Hurst and Gibson",2
125,"Jones, Armstrong and Serrano",2
126,"Prince Ltd",2
127,"Rosales, Arias and Reed",2
128,"Williams PLC",2
129,"Morris-Mcdaniel",2
130,"Mcintosh, Schmitt and Martinez",2
131,"Whitehead, Higgins and Webb",2
132,"Jackson, Lewis and Rhodes",2
133,"Thomas Ltd",2
134,"Escobar LLC",2
135,"Shaw Inc",2
136,"Fisher Group",2
137,"Kennedy-Moore",2
138,"Morgan, Nichols and Smith",2
139,"Murphy-Murray",2
140,"Mcgee, Marshall and Tanner",2
141,"Jacobs, Shaw and Dorsey",2
142,"Hawkins-Mcdowell",2
143,"Brown, Williams and Santana",2
144,"Anderson-Martin",2
145,"Weaver Group",2
146,"Whitaker, Zimmerman and Bartlett",2
147,"King-Solis",2
148,"Mills-Lambert",2
149,"Martinez-Baker",2
150,"Bradley Ltd",2
151,"Thompson-Kerr",2
152,"Waters LLC",2
153,"Henry-Smith",2
154,"Martinez, Clark and Berry",2
155,"Harris-Cummings",2
156,"Crane-Salas",2
157,"Hernandez and Sons",2
158,"Brown-Payne",2
159,"Snyder, Cobb and Gray",2
160,"Wolfe, Gordon and Brown",2
161,"Gomez, Randolph and Cisneros",2
162,"Santiago-Patel",2
163,"Clark LLC",2
164,"Galvan-Aguilar",2
165,"Stevens Group",2
166,"Hill, Martin and Gonzales",2
167,"Ramos Inc",2
168,"Hays LLC",2
169,"Ramirez PLC",2
170,"Taylor, Miller and Mckay",2
171,"Brooks Ltd",2
172,"Johnson, Baker and Hale",2
173,"Weber-Jones",2
174,"Travis, Farley and Watson",2
175,"Horn PLC",2
176,"Hendrix-Gray",2
177,"Anderson, Willis and Wagner",2
178,"Spears-Williams",2
179,"Thomas, Watts and Herring",2
180,"Shaw, Jackson and Hardy",2
181,"Edwards, Gregory and Green",2
182,"Mills and Sons",2
183,"Landry, Hawkins and Carrillo",2
184,"Terry, Thompson and Schneider",2
185,"Castillo PLC",2
186,"Schmidt, Conway and Cole",2
187,"Young-Smith",2
188,"Mccarthy, Alexander and Ballard",2
189,"Lopez-Walters",2
190,"Robinson, Lamb and Johnson",2
191,"Camacho, Rodriguez and Spencer",2
192,"Cantu-Anderson",2
193,"Brown Ltd",2
194,"Castro, Mckinney and Aguilar",2
195,"Campbell, Allen and Price",2
196,"Murphy, Shaw and Mclean",2
197,"Bailey and Sons",2
198,"Johnson Group",2
199,"Holmes-Hurst",2
200,"Pham-Woodard",2
201,"Long, Camacho and Berry",2
202,"Robertson, Green and Love",2
203,"Conner, Mcclain and Bray",2
204,"Hicks and Sons",2
205,"Simmons, Carrillo and Cohen",2
206,"Howard-Riley",2
207,"Little Group",2
208,"Fitzpatrick-Lawrence",2
209,"Smith Inc",2
210,"Castaneda, Blackburn and Poole",2
211,"Nicholson, Soto and Cook",2
212,"Lee Inc",2
213,"Pennington, Oneal and Mccarty",2
214,"Johnson, Webb and Torres",2
215,"Li Inc",2
216,"Pierce LLC",2
217,"Wilson, Fox and Ramsey",2
218,"Cortez Ltd",2
219,"Young and Sons",2
220,"Ward Inc",2
221,"Miller Group",2
222,"Lewis, Wright and Evans",2
223,"Adams-Thompson",2
224,"Vargas-Henderson",2
225,"Bishop Inc",2
226,"Goodman and Sons",2
227,"Johnson, Short and Evans",2
228,"Hill-Graves",2
229,"Mercer-Lewis",2
230,"Holt, Hart and Perry",2
231,"Ramos Ltd",2
232,"Yang, Martinez and Newman",2
233,"Graham, Anderson and Hoover",2
234,"Gray, Alexander and Alexander",2
235,"Mclaughlin, Washington and Brennan",2
236,"Hodges-Rice",2
237,"Bailey, Ryan and Bautista",2
238,"Palmer, Thomas and Farrell",2
239,"Cook, Martinez and Rodgers",2
240,"Turner-Jacobs",2
241,"Craig, Davis and Yates",2
242,"Fuller-Walker",2
243,"Hudson-Lynch",2
244,"Ross-Murphy",2
245,"Calderon-Delacruz",2
246,"Herrera Group",2
247,"Sparks-Rasmussen",2
248,"Brown PLC",2
249,"Snow Group",2
250,"Ramos, Ramsey and Anthony",2
251,"Zimmerman-Bennett",2
252,"Reed-Hunt",2
253,"Bowers, Joyce and Tucker",2
254,"Martin, Hines and Caldwell",2
255,"Holloway, Johnson and Bauer",2
256,"Fox Group",2
257,"Greene-Cannon",2
258,"Miranda-Brown",2
259,"Morrow-Sparks",2
260,"Castro-Torres",2
261,"Hood-Valdez",2
262,"Norman Inc",2
263,"Doyle and Sons",2
264,"Rogers PLC",2
265,"Burns Ltd",2
266,"Holmes-Norris",2
267,"Taylor, Hernandez and Buchanan",2
268,"Flores, Munoz and Green",2
269,"Prince, Terry and Johnston",2
270,"Phillips, Davis and Zimmerman",2
271,"Smith Ltd",2
272,"Clark, Peterson and Simmons",2
273,"Day-Davenport",2
274,"Hudson-Clark",2
275,"Bennett, Harris and Williams",2
276,"Young-Hopkins",2
277,"Daniel, Price and Martinez",2
278,"Garcia PLC",2
279,"Macdonald-Robinson",2
280,"Harris, Harris and Galloway",2
281,"Jones-Padilla",2
282,"Stephenson-Osborne",2
283,"Torres, Reed and Mcdowell",2
284,"Bowers, Lee and Gonzalez",2
285,"Gibson and Sons",2
286,"Gray, Sullivan and Taylor",2
287,"Carrillo-Reeves",2
288,"Ross LLC",2
289,"Thompson-Wells",2
290,"Smith, Summers and Evans",2
291,"Johnson-Coleman",2
292,"Smith, Morris and Grant",2
293,"Jackson Group",2
294,"Allen and Sons",2
295,"Melendez, Wood and Rangel",2
296,"Aguilar, Harrell and Collins",2
297,"Davila, Baldwin and Dickerson",2
298,"Young-Harrison",2
299,"Roberts Ltd",2
300,"Woodard, Kelly and Lewis",2
301,"Best, Bryant and Mcdowell",2
302,"Alexander, Reynolds and Cortez",2
303,"Collins, Moore and Smith",2
304,"Hopkins Ltd",2
305,"Lindsey, Morris and Mcbride",2
306,"Carpenter-Robinson",2
307,"Vasquez PLC",2
308,"Mccarthy, Colon and Lee",2
309,"Terry, Melton and Wilson",2
310,"Ali-Henderson",2
311,"Barron, Madden and Rogers",2
312,"Hood-Vargas",2
313,"Watkins, Cummings and Johnson",2
314,"Martinez and Sons",2
315,"Tran Inc",2
316,"Perkins-White",2
317,"Ballard, Stevens and Lutz",2
318,"Hernandez-Welch",2
319,"Vasquez-Brady",2
320,"Melton, Moreno and Simmons",2
321,"Taylor-Rowland",2
322,"Jacobs-Murphy",2
323,"Tucker, Smith and Owens",2
324,"Ortiz Ltd",2
325,"Henderson, Lewis and Garcia",2
326,"Herrera PLC",2
327,"Clark, Lopez and Arnold",2
328,"Guerrero-Michael",2
329,"Larson, Black and Baker",2
330,"Downs-Hudson",2
331,"Hunt Ltd",2
332,"Craig, Alexander and Hall",2
333,"Edwards, Mercer and Hernandez",2
334,"Bryant, Bennett and Clark",2
335,"Jenkins, Lawrence and Oliver",2
336,"Allen, Cox and Scott",2
337,"Lowe, Jimenez and Price",2
338,"Carter Inc",2
339,"Smith-Swanson",2
340,"Ewing-Richardson",2
341,"Smith and Sons",2
342,"Hughes and Sons",2
343,"Ellison-Duncan",2
344,"Smith-Jones",2
345,"James LLC",2
346,"Calderon and Sons",2
347,"Preston, Wagner and Thomas",2
348,"Chan, Turner and Henson",2
349,"Glover-Combs",2
